category,name,price
Binoculars,Opera Vision, $110.00
Binoculars,Ranger Vision, $160.00
Binoculars,Seeker 35, $98.97
Binoculars,Seeker 50, $126.06
Binoculars,Seeker Extreme, $171.71
Binoculars,Seeker Mini, $80.43
Climbing Accessories,Firefly Charger, $51.40
Climbing Accessories,Firefly Climbing Lamp, $38.79
Climbing Accessories,Firefly Rechargeable Battery, $7.68
Climbing Accessories,Granite Belay, $65.80
Climbing Accessories,Granite Carabiner, $3.76
Climbing Accessories,Granite Chalk Bag, $17.64
Climbing Accessories,Granite Pulley, $36.86
Cooking Gear,TrailChef Canteen, $8.77
Cooking Gear,TrailChef Cook Set, $52.89
Cooking Gear,TrailChef Cup, $3.49
Cooking Gear,TrailChef Deluxe Cook Set, $121.94
Cooking Gear,TrailChef Double Flame, $142.66
Cooking Gear,TrailChef Kettle, $7.93
Cooking Gear,TrailChef Kitchen Kit, $22.90
Cooking Gear,TrailChef Single Flame, $62.76
Cooking Gear,TrailChef Utensils, $18.71
Cooking Gear,TrailChef Water Bag, $3.95
Eyewear,Bella, $67.50
Eyewear,Capri, $38.30
Eyewear,Cat Eye, $43.85
Eyewear,Dante, $42.25
Eyewear,Fairway, $20.15
Eyewear,Hawk Eye, $40.50
Eyewear,Inferno, $65.00
Eyewear,Maximus, $82.52
Eyewear,Polar Extreme, $145.33
Eyewear,Polar Ice, $103.40
Eyewear,Polar Sports, $115.34
Eyewear,Polar Sun, $60.48
Eyewear,Polar Wave, $94.57
Eyewear,Retro, $62.65
Eyewear,Trendi, $50.30
Eyewear,Zone, $30.70
First Aid,Aloe Relief, $5.23
First Aid,Calamine Relief, $6.00
First Aid,Compact Relief Kit, $22.54
First Aid,Deluxe Family Relief Kit, $34.01
First Aid,Insect Bite Relief, $6.00
Golf Accessories,Course Pro Gloves, $6.58
Golf Accessories,Course Pro Golf and Tee Set, $9.96
Golf Accessories,Course Pro Golf Bag, $205.05
Golf Accessories,Course Pro Umbrella, $12.01
Insect Repellents,BugShield Extreme, $6.58
Insect Repellents,BugShield Lotion, $6.83
Insect Repellents,BugShield Lotion Lite, $6.93
Insect Repellents,BugShield Natural, $5.66
Insect Repellents,BugShield Spray, $5.93
Irons,Hailstorm Steel Irons, $394.92
Irons,Hailstorm Titanium Irons, $872.82
Irons,Lady Hailstorm Steel Irons, $500.79
Irons,Lady Hailstorm Titanium Irons, $835.68
Knives,Bear Edge, $39.01
Knives,Bear Survival Edge, $86.75
Knives,Double Edge, $15.90
Knives,Edge Extreme, $112.51
Knives,Max Gizmo, $38.20
Knives,Pocket Gizmo, $12.20
Knives,Single Edge, $12.01
Lanterns,EverGlow Butane, $63.67
Lanterns,EverGlow Double, $51.11
Lanterns,EverGlow Kerosene, $30.92
Lanterns,EverGlow Lamp, $26.91
Lanterns,EverGlow Single, $33.50
Lanterns,Firefly 2, $26.44
Lanterns,Firefly 4, $28.85
Lanterns,Firefly Extreme, $49.70
Lanterns,Firefly Lite, $14.33
Lanterns,Firefly Mapreader, $15.83
Lanterns,Firefly Multi-light, $25.90
Lanterns,Flicker Lantern, $34.04
Navigation,Astro Pilot, $145.00
Navigation,Auto Pilot, $235.00
Navigation,Glacier Basic, $31.26
Navigation,Glacier Deluxe, $90.65
Navigation,Glacier GPS, $109.73
Navigation,Glacier GPS Extreme, $338.02
Navigation,Sky Pilot, $358.00
Navigation,Trail Master, $365.00
Navigation,Trail Scout, $238.00
Navigation,Trail Star, $154.00
Packs,Canyon Mule Carryall, $69.09
Packs,Canyon Mule Climber Backpack, $73.38
Packs,Canyon Mule Cooler, $32.58
Packs,Canyon Mule Extreme Backpack, $432.89
Packs,Canyon Mule Journey Backpack, $348.61
Packs,Canyon Mule Weekender Backpack, $268.74
Putters,Blue Steel Max Putter, $169.79
Putters,Blue Steel Putter, $84.62
Putters,Course Pro Putter, $72.25
Rope,Husky Rope 100, $325.86
Rope,Husky Rope 200, $540.48
Rope,Husky Rope 50, $150.40
Rope,Husky Rope 60, $178.60
Safety,Granite Climbing Helmet, $69.56
Safety,Granite Signal Mirror, $32.34
Safety,Husky Harness, $61.10
Safety,Husky Harness Extreme, $103.40
Sleeping Bags,Hibernator, $138.02
Sleeping Bags,Hibernator Camp Cot, $98.21
Sleeping Bags,Hibernator Extreme, $249.23
Sleeping Bags,Hibernator Lite, $84.68
Sleeping Bags,Hibernator Pad, $39.43
Sleeping Bags,Hibernator Pillow, $13.54
Sleeping Bags,Hibernator Self - Inflating Mat, $119.63
Sunscreen,Sun Blocker, $4.80
Sunscreen,Sun Shelter 15, $4.80
Sunscreen,Sun Shelter 30, $4.73
Sunscreen,Sun Shelter Stick, $4.85
Sunscreen,Sun Shield, $5.84
Tents,Star Dome, $611.84
Tents,Star Gazer 2, $547.47
Tents,Star Gazer 3, $636.41
Tents,Star Gazer 6, $783.08
Tents,Star Lite, $347.92
Tents,Star Peg, $2.00
Tools,Granite Axe, $38.40
Tools,Granite Extreme, $75.20
Tools,Granite Grip, $19.40
Tools,Granite Hammer, $75.18
Tools,Granite Ice, $75.20
Tools,Granite Shovel, $58.19
Watches,Infinity, $220.00
Watches,Kodiak, $120.30
Watches,Legend, $240.12
Watches,Lux, $165.15
Watches,Mountain Man Analog, $47.41
Watches,Mountain Man Combination, $94.09
Watches,Mountain Man Deluxe, $76.66
Watches,Mountain Man Digital, $34.87
Watches,Mountain Man Extreme, $282.60
Watches,Sam, $44.90
Watches,TX, $194.50
Watches,Venue, $72.28
Watches,Zodiak, $104.60
Woods,Hailstorm Steel Woods Set, $683.98
Woods,Hailstorm Titanium Woods Set," $1,194.82 "
Woods,Lady Hailstorm Steel Woods Set, $856.17
Woods,Lady Hailstorm Titanium Woods Set," $1,278.14 "
